{
  "trend": {
    "best_growth_months": {
      "1401-06": 0.38816287231380975,
      "1402-01": 0.35459638519189673,
      "1403-01": 0.3443332030760591
    },
    "worst_drop_months": {
      "1404-02": -0.2692222870122022,
      "1405-02": -0.26497628805056184,
      "1401-10": -0.2506968170894841
    },
    "overall_start": 503099162.0,
    "overall_end": 690868565.0,
    "overall_change_pct": 0.3732254338360437
  },
  "discount": {
    "correlation_discount_sales": 0.21819168844566394,
    "avg_with_discount": 2233345.6697328077,
    "avg_without_discount": 2369569.495254048,
    "by_bin": {
      "0%": 2369569.495254048,
      "0-5%": 2266413.466047875,
      "5-10%": 2241149.800340329,
      "10-20%": 2128424.982781457,
      ">20%": 3.0
    }
  },
  "occasions": {
    "daily_mean": 17741716.47960199,
    "occasions": {
      "نوروز": {
        "avg_sales": 28305499.333333332,
        "lift_vs_daily_mean": 1.5954205651903375,
        "n_days": 30
      },
      "یلدا": {
        "avg_sales": 25551058.6,
        "lift_vs_daily_mean": 1.4401683528973406,
        "n_days": 5
      },
      "دهه فجر": {
        "avg_sales": 18932947.2,
        "lift_vs_daily_mean": 1.0671429239536991,
        "n_days": 10
      },
      "شب‌های قدر / رمضان": {
        "avg_sales": 15927887.8,
        "lift_vs_daily_mean": 0.8977647578977274,
        "n_days": 15
      },
      "بازگشایی مدارس": {
        "avg_sales": 24660847.6,
        "lift_vs_daily_mean": 1.3899922044382276,
        "n_days": 5
      }
    }
  },
  "channels": {
    "App": 4505236068.0,
    "Online": 9207830774.0,
    "Store": 21947783282.0
  },
  "cluster_names": {
    "0": "مشتریان عادی / کم‌تراکنش",
    "1": "مشتریان عادی / کم‌تراکنش (گروه 1)",
    "2": "مشتریان در خطر ریزش",
    "3": "مشتریان وفادار پرارزش"
  },
  "cluster_profiles": [
    {
      "Cluster": 0,
      "Recency": 152.91782407407408,
      "Frequency": 7.497685185185185,
      "Monetary": 17484567.342592593
    },
    {
      "Cluster": 1,
      "Recency": 174.05418719211823,
      "Frequency": 4.599343185550082,
      "Monetary": 9513485.500821019
    },
    {
      "Cluster": 2,
      "Recency": 692.731884057971,
      "Frequency": 4.644927536231884,
      "Monetary": 10403667.257246377
    },
    {
      "Cluster": 3,
      "Recency": 152.16816143497758,
      "Frequency": 10.652466367713005,
      "Monetary": 26657083.19955157
    }
  ],
  "high_freq_avg_monetary": 24108087.089527026,
  "low_freq_avg_monetary": 9308494.433035715,
  "high_freq_avg_recency": 151.27533783783784,
  "low_freq_avg_recency": 331.57589285714283,
  "top_branch": {
    "BranchID": "B99",
    "TotalAmount": 13438996002.0,
    "BranchName": "انبار مرکزی آنلاین"
  },
  "bottom_branch": {
    "BranchID": "B08",
    "TotalAmount": 2677664895.0,
    "BranchName": "شعبه قم"
  }
}