YearMonth,ForecastSales
1405-07,742594428.5545448
1405-08,710134598.3685901
1405-09,722234505.2644377
1405-10,749817321.8613994
1405-11,747819320.1972842
1405-12,789004992.7232937
