Year,Sales,YoY_Growth
1400,4803964908.0,
1401,5347698736.0,0.1131843879822112
1402,6061840866.0,0.13354195239019173
1403,7092619046.0,0.17004375449403297
1404,8041901946.0,0.1338409540739911
1405,4312824622.0,-0.46370589308849053
